UID,Average View,Average Like,Average Coin,Average Coin,Coin/Like
282994,1903661.988,140140.6886,63577.12188,0.033397274,0.073616372
297344797,1770027.495,131767.0243,57895.75709,0.032708959,0.07444349
