UID,Average View,Average Like,Average Coin,Average Coin,Coin/Like
25503580,587875.12,29151.56,8583.48,0.014600856,0.049588015
598464467,1583288.193,91661.42045,42437.78409,0.026803575,0.057893074
11073,1443508.449,96258.44203,44751.03623,0.031001576,0.066683671
8549577,2153011.509,141712.0314,62703.0566,0.029123419,0.065820378
562197,2006732.019,140376.2775,59116.35407,0.029459018,0.069952677
168598,1861985.274,130058.5946,56505.87645,0.030347112,0.069849422
26321770,1735972.262,127822.3107,54072.18447,0.031148069,0.07363154
513722566,1549738.496,115993.4568,48527.84958,0.031313573,0.074847116
17819768,1514924.196,109768.2298,46774.15403,0.030875574,0.072457903