UID,Average View,Average Like,Average Coin,Average Coin,Coin/Like
25503580,587875.12,29151.56,8583.48,0.014600856,0.049588015
598464467,1583288.193,91661.42045,42437.78409,0.026803575,0.057893074